threshold,precision,recall,f1_score
0.15,0.23519458544839256,0.24482606781153676,0.23991370010787486
