Model,ROC-AUC,PR-AUC
Logistic Regression,0.6458284616609459,0.19918433362055157
XGBoost,0.6542822149434576,0.20382464078906867
